{
  "order": [
    {
      "id": 1,
      "firstName": "mohan",
      "lastName": "kumar",
      "giftCardValue": "2000",
      "amountPayable": "2100",
      "mobile": "9994809723",
      "address": "47 B4, Annur Road, Mettupalayam",
      "userId": 1,
      "orderDate": "2020/08/23",
      "status": "Delivered"
    },
    {
      "id": 2,
      "firstName": "Raj",
      "lastName": "Kumar",
      "giftCardValue": "1000",
      "amountPayable": 1050,
      "mobile": "1112223333",
      "address": "South street, Coimbatore",
      "userId": 2,
      "orderDate": "2020/08/20",
      "status": "Delivered"
    },
    {
      "id": 3,
      "firstName": "Test",
      "lastName": "User",
      "giftCardValue": "3000",
      "amountPayable": 3150,
      "mobile": "1234567898",
      "address": "Norht street",
      "userId": 2,
      "orderDate": "2020/08/23",
      "status": "Delivered"
    },
    {
      "firstName": "Rajesh",
      "lastName": "Kumar",
      "giftCardValue": "5000",
      "amountPayable": 5250,
      "mobile": "2345678932",
      "address": "West street",
      "userId": 2,
      "orderDate": "2020/08/23",
      "status": "New",
      "id": 4
    },
    {
      "firstName": "Donald",
      "lastName": "Trump",
      "giftCardValue": "5600",
      "amountPayable": 5880,
      "mobile": "5658865546",
      "address": "East street",
      "userId": 5,
      "orderDate": "2020/08/23",
      "status": "New",
      "id": 5
    }
  ],
  "users": [
    {
      "id": 1,
      "userName": "admin",
      "password": "admin@123",
      "email": "admin@gmail.com",
      "isAdmin": 1
    },
    {
      "id": 2,
      "userName": "user1",
      "password": "user1@123",
      "email": "testuser1@gmail.com",
      "isAdmin": 0
    },
    {
      "id": 3,
      "userName": "user2",
      "password": "user2@123",
      "email": "testuser2@gmail.com",
      "isAdmin": 0
    },
    {
      "id": 4,
      "userName": "user3",
      "password": "user3@123",
      "email": "user3@gmail.com",
      "isAdmin": 0
    },
    {
      "id": 5,
      "userName": "user4",
      "password": "user4@123",
      "email": "user4@gmail.com",
      "isAdmin": 0
    }
  ]
}